id,file,text
cluster-based-minimum-spanning-tree,cluster-based-minimum-spanning-tree.html,1
overview,cluster-based-minimum-spanning-tree.html,1.1
constructing-the-mst,cluster-based-minimum-spanning-tree.html,1.2
computing-the-pseudotime,cluster-based-minimum-spanning-tree.html,1.3
including-an-outgroup,cluster-based-minimum-spanning-tree.html,1.4
using-other-distance-metrics,cluster-based-minimum-spanning-tree.html,1.5
further-comments,cluster-based-minimum-spanning-tree.html,1.6
fig:tscan-nest-tsne,cluster-based-minimum-spanning-tree.html,1.1
fig:tscan-nest-pseudo,cluster-based-minimum-spanning-tree.html,1.2
fig:tscan-nest-omega,cluster-based-minimum-spanning-tree.html,1.3
fig:tscan-nest-mnn,cluster-based-minimum-spanning-tree.html,1.4
principal-curves,principal-curves.html,2
overview-1,principal-curves.html,2.1
using-placeholder,principal-curves.html,2.2
handling-branched-trajectories,principal-curves.html,2.3
dealing-with-large-datasets,principal-curves.html,2.4
adding-an-omega-cluster,principal-curves.html,2.5
further-comments-1,principal-curves.html,2.6
fig:traj-princurve-tsne-nest,principal-curves.html,2.1
fig:traj-princurve-clustered-nest,principal-curves.html,2.2
fig:traj-princurve-omag-nest,principal-curves.html,2.3
